Get Out^2017^Jordan Peele^Daniel Kaluuya, Allison Williams, Bradley Whitford
The Big Sick^2017^Michael Showalter^Kumail Nanjiani, Zoe Kazan, Holly Hunter
Dunkirk^2017^Christopher Nolan^Fionn Whitehead, Barry Keoghan, Mark Rylance
Wonder Woman^2017^Patty Jenkins^Gal Gadot, Chris Pine, Robin Wright
Lady Bird^2017^Greta Gerwig^Saoirse Ronan, Laurie Metcalf, Tracy Letts
Logan^2017^James Mangold^Hugh Jackman, Patrick Stewart, Dafne Keen
Baby Driver^2017^Edgar Wright^Ansel Elgort, Jon Bernthal, Jon Hamm
Star Wars: The Last Jedi^2017^Rian Johnson^Daisy Ridley, John Boyega, Mark Hamill
Coco^2017^Lee Unkrich^Anthony Gonzalez, Gael Garc\xc3\xada Bernal, Benjamin Bratt
Thor: Ragnarok^2017^Taika Waititi^Chris Hemsworth, Tom Hiddleston, Cate Blanchett
War for the Planet of the Apes^2017^Matt Reeves^Andy Serkis, Woody Harrelson, Steve Zahn
Call Me by Your Name^2017^Luca Guadagnino^Armie Hammer, Timoth\xc3\xa9e Chalamet, Michael Stuhlbarg
Spider-Man: Homecoming^2017^Jon Watts^Tom Holland, Michael Keaton, Robert Downey Jr.
I Am Not Your Negro^2017^Raoul Peck^Samuel L. Jackson, James Baldwin, Harry Belafonte
The Florida Project^2017^Sean Baker^Brooklynn Prince, Bria Vinaite, Willem Dafoe
Hidden Figures^2017^Theodore Melfi^Taraji P. Henson, Octavia Spencer, Janelle Mon\xc3\xa1e
The Salesman (Forushande)^2017^Asghar Farhadi^Shahab Hosseini, Taraneh Alidoosti, Babak Karimi
The Shape of Water^2017^Guillermo del Toro^Sally Hawkins, Octavia Spencer, Michael Shannon
Mudbound^2017^Dee Rees^Garrett Hedlund, Carey Mulligan, Jason Clarke
Three Billboards Outside Ebbing^Missouri^2017^Martin McDonagh^Frances McDormand, Woody Harrelson, Sam Rockwell
The Disaster Artist^2017^James Franco^James Franco, Dave Franco, Ari Graynor
The Lego Batman Movie^2017^Chris McKay^Will Arnett, Michael Cera, Rosario Dawson
My Life as a Zucchini (Ma vie de courgette)^2017^Claude Barras^Gaspard Schlatter, Sixtine Murat, Paulin Jaccoud
God's Own Country^2017^Francis Lee^Josh OConnor, Gemma Jones, Harry Lister Smith
Logan Lucky^2017^Steven Soderbergh^Channing Tatum, Adam Driver, Daniel Craig
Faces Places^2017^JR^Jean-Paul Beaujon, Amaury Bossy, Yves Boulen
City of Ghosts^2017^Matthew Heineman^Hamoud, Hussam, Mohamad
Blade Runner 2049^2017^Denis Villeneuve^Harrison Ford, Ryan Gosling, Ana de Armas
Kedi^2017^Bo Welch^Mike Myers, Spencer Breslin, Dakota Fanning
Jane^2017^Gavin O'Connor^Natalie Portman, Joel Edgerton, Ewan McGregor
After the Storm (Umi yori mo mada fukaku)^2017^Hirokazu Koreeda^Hiroshi Abe, Y\xc3\xb4ko Maki, Satomi Kobayashi
Lucky^2017^Adam Reed^H. Jon Benjamin, Judy Greer, Amber Nash
BPM (Beats Per Minute) (120 battements par minute)^2017^Robin Campillo^Nahuel P\xc3\xa9rez Biscayart, Arnaud Valois, Ad\xc3\xa8le Haenel
Bright Lights: Starring Carrie Fisher and Debbie Reynolds^2017^Alexis Bloom^Debbie Reynolds, Carrie Fisher, Todd Fisher
The Work^2017^Jairus McLeary^Brian, Charles, Dark Cloud
The Happiest Day in the Life of Olli Mäki (Hymyilevä mies)^2017^Juho Kuosmanen^Jarkko Lahti, Oona Airola, Eero Milonoff
Quest^2017^Jean-Claude Van Damme^Jean-Claude Van Damme, Roger Moore, James Remar
Dawson City: Frozen Time^2017^Bill Morrison^Kathy Jones-Gates, Michael Gates, Sam Kula
Columbus^2017^Kogonada^John Cho, Haley Lu Richardson, Parker Posey
Your Name. (Kimi No Na Wa.)^2017^Leonardo Hwan^unknown
Menashe^2017^Joshua Z Weinstein^Menashe Lustig, Yoel Falkowitz, Ruben Niborski
The Red Turtle (La tortue rouge)^2017^Michael Dudok de Wit^Emmanuel Garijo, Tom Hudson, Baptiste Goy
Truman^2017^Cesc Gay^Ricardo Dar\xc3\xadn, Javier C\xc3\xa1mara, Dolores Fonzi
In This Corner of the World (Kono sekai no katasumi ni)^2017^Sunao Katabuchi^Non, Kira Buckland, Christine Marie Cabanos
Graduation (Bacalaureat)^2017^Cristian Mungiu^Adrian Titieni, Maria Dragus, Lia Bugnar
I^Daniel Blake^2017^S. Shankar^Vikram, Amy Jackson, Suresh Gopi
Whose Streets?^2017^Sabaah Folayan^Brittany Ferrell, Bassem Masri, Tef Poe
A Ghost Story^2017^David Lowery^Casey Affleck, Rooney Mara, McColm Cephas Jr.
Stronger^2017^David Gordon Green^Jake Gyllenhaal, Tatiana Maslany, Miranda Richardson
Dina^2017^David Lynch^Kyle MacLachlan, Virginia Madsen, Francesca Annis
Good Time^2017^Benny Safdie^Robert Pattinson, Benny Safdie, Jennifer Jason Leigh
Trophy^2017^Christina Clusiau^
The Death of Stalin^2017^Armando Iannucci^Steve Buscemi, Olga Kurylenko, Jason Isaacs
The Last Laugh^2017^Greg Pritikin^Chevy Chase, Andie MacDowell, Richard Dreyfuss
John Wick: Chapter 2^2017^Chad Stahelski^Keanu Reeves, Riccardo Scamarcio, Ian McShane
The Meyerowitz Stories (New and Selected)^2017^Noah Baumbach^Adam Sandler, Grace Van Patten, Dustin Hoffman
It^2017^Andy Muschietti^Bill Skarsg\xc3\xa5rd, Jaeden Lieberher, Finn Wolfhard
Step^2017^Amanda Lipitz^Paula Dofat, Blessin Giraldo, Cori Grainger
Guardians of the Galaxy Vol. 2^2017^James Gunn^Chris Pratt, Zoe Saldana, Dave Bautista
The B-Side: Elsa Dorfman's Portrait Photography^2017^Errol Morris^
Ex Libris: New York Public Library^2017^Frederick Wiseman^
The Women's Balcony (Ismach Hatani)^2017^Emil Ben-Shimon^Evelin Hagoel, Igal Naor, Orna Banai
I Called Him Morgan^2017^Kasper Collin^Lee Morgan, Helen Morgan, Wayne Shorter
A Quiet Passion^2017^Terence Davies^Emma Bell, Sara Vertongen, Rose Williams
American Made^2017^Doug Liman^Tom Cruise, Domhnall Gleeson, Sarah Wright
It Comes At Night^2017^Trey Edward Shults^Joel Edgerton, Christopher Abbott, Carmen Ejogo
Human Flow^2017^Ai Weiwei^Israa Abboud, Hiba Abed, Rami Abu Sondos
Battle of the Sexes^2017^Jonathan Dayton^Emma Stone, Steve Carell, Andrea Riseborough
A Monster Calls^2017^J.A. Bayona^Lewis MacDougall, Sigourney Weaver, Felicity Jones
20th Century Women^2017^Mike Mills^Annette Bening, Elle Fanning, Greta Gerwig
I^Tonya^2017^S. Shankar^Vikram, Amy Jackson, Suresh Gopi
Raw^2017^Julia Ducournau^Garance Marillier, Ella Rumpf, Rabah Nait Oufella
Prevenge^2017^Alice Lowe^Gemma Whelan, Kate Dickie, Alice Lowe
The Lost City of Z^2017^James Gray^Charlie Hunnam, Robert Pattinson, Sienna Miller
Thelma^2017^Joachim Trier^Eili Harboe, Kaya Wilkins, Henrik Rafaelsen
Wind River^2017^Taylor Sheridan^Kelsey Asbille, Jeremy Renner, Julia Jones
Lady Macbeth^2017^William Oldroyd^Florence Pugh, Cosmo Jarvis, Paul Hilton
Their Finest^2017^Lone Scherfig^Gemma Arterton, Sam Claflin, Bill Nighy
Citizen Jane: Battle for the City^2017^Matt Tyrnauer^Thomas Campanella, Vincent DOnofrio, Mindy Fullilove
Girls Trip^2017^Malcolm D. Lee^Regina Hall, Queen Latifah, Jada Pinkett Smith
Endless Poetry (Poesía Sin Fin)^2017^Alejandro Jodorowsky^Adan Jodorowsky, Brontis Jodorowsky, Leandro Taub
Detroit^2017^Kathryn Bigelow^John Boyega, Anthony Mackie, Algee Smith
Frantz^2017^François Ozon^Pierre Niney, Paula Beer, Ernst St\xc3\xb6tzner
The Breadwinner^2017^Nora Twomey^Saara Chaudry, Soma Chhaya, Noorin Gulamgaus
Abacus: Small Enough to Jail^2017^Steve James^Neil Barofsky, Ti-Hua Chang, Margaret Colin
Brawl in Cell Block 99^2017^S. Craig Zahler^Vince Vaughn, Jennifer Carpenter, Don Johnson
Silence^2017^Martin Scorsese^Andrew Garfield, Adam Driver, Liam Neeson
Maudie^2017^Aisling Walsh^Sally Hawkins, Ethan Hawke, Zachary Bennett
All This Panic^2017^Jenny Gage^Dusty Rose Ryan, Delia Cunningham, Lena M.
Okja^2017^Joon-ho Bong^Tilda Swinton, Paul Dano, Seo-hyun Ahn
School Life^2017^Neasa Ní Chianáin^
Gook^2017^Justin Chon^Simone Baker, Justin Chon, Curtiss Cook Jr.
Clash (Eshtebak)^2017^Mohamed Diab^Nelly Karim, Hani Adel, El Sebaii Mohamed
Land of Mine (Under Sandet)^2017^Martin Zandvliet^Roland M\xc3\xb8ller, Louis Hofmann, Joel Basman
Only the Brave^2017^Joseph Kosinski^Josh Brolin, Miles Teller, Jeff Bridges
Norman (Norman: The Moderate Rise and Tragic Fall of a New York Fixer)^2017^Joseph Cedar^Richard Gere, Lior Ashkenazi, Michael Sheen
Obit^2017^Brian Tolle^Anna Fenerty, Sandra Fish, Carl Holvick-Thomas
Phantom Thread^2017^Paul Thomas Anderson^Vicky Krieps, Daniel Day-Lewis, Lesley Manville
Marjorie Prime^2017^Michael Almereyda^Stephanie Andujar, Hana Colley, Geena Davis
The Founder^2017^John Lee Hancock^Michael Keaton, Nick Offerman, John Carroll Lynch
Moonlight^2016^Barry Jenkins^Mahershala Ali, Shariff Earp, Duan Sanderson
Zootopia^2016^Byron Howard^Ginnifer Goodwin, Jason Bateman, Idris Elba
Arrival^2016^Denis Villeneuve^Amy Adams, Jeremy Renner, Forest Whitaker
La La Land^2016^Damien Chazelle^Ryan Gosling, Emma Stone, Rosemarie DeWitt
The Jungle Book^2016^Jon Favreau^Neel Sethi, Bill Murray, Ben Kingsley
Hell or High Water^2016^David Mackenzie^Chris Pine, Ben Foster, Jeff Bridges
Manchester by the Sea^2016^Kenneth Lonergan^Casey Affleck, Michelle Williams, Kyle Chandler
Finding Dory^2016^Andrew Stanton^Ellen DeGeneres, Albert Brooks, Ed ONeill
Captain America: Civil War^2016^Anthony Russo^Chris Evans, Robert Downey Jr., Scarlett Johansson
Moana^2016^Ron Clements^Aulii Cravalho, Dwayne Johnson, Rachel House
Love &amp; Friendship^2016^Gaspar Noé^Aomi Muyock, Karl Glusman, Klara Kristin
Paterson^2016^Jim Jarmusch^Adam Driver, Golshifteh Farahani, Nellie
Things to Come (L'avenir)^2016^Mia Hansen-Løve^Isabelle Huppert, Andr\xc3\xa9 Marcon, Roman Kolinka
Kubo and the Two Strings^2016^Travis Knight^Charlize Theron, Art Parkinson, Matthew McConaughey
Hunt for the Wilderpeople^2016^Taika Waititi^Sam Neill, Julian Dennison, Rima Te Wiata
The Nice Guys^2016^Shane Black^Russell Crowe, Ryan Gosling, Angourie Rice
Weiner^2016^Josh Kriegman^Anthony Weiner, Huma Abedin, Jordan Zain Weiner
Don't Think Twice^2016^Mike Birbiglia^Keegan-Michael Key, Gillian Jacobs, Mike Birbiglia
Tower^2016^Keith Maitland^Violett Beane, Louie Arnette, Blair Jackson
The Witch^2016^Robert Eggers^Anya Taylor-Joy, Ralph Ineson, Kate Dickie
Eye In The Sky^2016^Gavin Hood^Helen Mirren, Aaron Paul, Alan Rickman
Cameraperson^2016^Kirsten Johnson^Kirsten Johnson, Roger Phenix
Sing Street^2016^John Carney^Ferdia Walsh-Peelo, Aidan Gillen, Maria Doyle Kennedy
Fences^2016^Denzel Washington^Denzel Washington, Viola Davis, Stephen Henderson
The Handmaiden (Ah-ga-ssi)^2016^Chan-wook Park^Min-hee Kim, Jung-woo Ha, Jin-woong Jo
The Edge of Seventeen^2016^Kelly Fremon Craig^Hailee Steinfeld, Haley Lu Richardson, Blake Jenner
Only Yesterday^2016^Isao Takahata^Miki Imai, Toshir\xc3\xb4 Yanagiba, Yoko Honna
The Wailing (Goksung)^2016^Hong-jin Na^Jun Kunimura, Jung-min Hwang, Do-won Kwak
O.J.: Made in America^2016^Ezra Edelman^Kareem Abdul-Jabbar, Mike Albanese, Muhammad Ali
The Fits^2016^Anna Rose Holmer^Royalty Hightower, Alexis Neblett, DaSean Minor
Under The Shadow^2016^Babak Anvari^Narges Rashidi, Avin Manshadi, Bobby Naderi
Doctor Strange^2016^Scott Derrickson^Benedict Cumberbatch, Chiwetel Ejiofor, Rachel McAdams
Embrace Of The Serpent (El Abrazo De La Serpiente)^2016^Ciro Guerra^Nilbio Torres, Jan Bijvoet, Antonio Bolivar
10 Cloverfield Lane^2016^Dan Trachtenberg^John Goodman, Mary Elizabeth Winstead, John Gallagher Jr.
Fireworks Wednesday (Chaharshanbe-soori)^2016^Asghar Farhadi^Hamid Farokhnezhad, Hediyeh Tehrani, Taraneh Alidoosti
The Age of Shadows^2016^Jee-woon Kim^Byung-hun Lee, Kang-ho Song, Yoo Gong
Toni Erdmann^2016^Maren Ade^Sandra H\xc3\xbcller, Peter Simonischek, Michael Wittenborn
Little Men^2016^Ira Sachs^Greg Kinnear, Jennifer Ehle, Paulina Garc\xc3\xada
Aquarius^2016^John McNamara^David Duchovny, Grey Damon, Gethin Anthony
Jackie^2016^Pablo Larraín^Natalie Portman, Peter Sarsgaard, Greta Gerwig
Loving^2016^Jeff Nichols^Ruth Negga, Joel Edgerton, Will Dalton
Rogue One: A Star Wars Story^2016^Gareth Edwards^Felicity Jones, Diego Luna, Alan Tudyk
Rams (Hrútar)^2016^Grímur Hákonarson^Sigur\xc3\xb0ur Sigurj\xc3\xb3nsson, Theod\xc3\xb3r J\xc3\xbal\xc3\xadusson, Charlotte B\xc3\xb8ving
Elle^2016^Spike Jonze^Joaquin Phoenix, Amy Adams, Scarlett Johansson
Krisha^2016^Trey Edward Shults^Krisha Fairchild, Alex Dobrenko, Robyn Fairchild
Neruda^2016^Pablo Larraín^Gael Garc\xc3\xada Bernal, Luis Gnecco, Mercedes Mor\xc3\xa1n
Cemetery of Splendor^2016^Apichatpong Weerasethakul^Jenjira Pongpas, Banlop Lomnoi, Jarinpattra Rueangram
The Beatles: Eight Days a Week - The Touring Years^2016^Ron Howard^The Beatles, Paul McCartney, Ringo Starr
Queen of Katwe^2016^Mira Nair^Madina Nalwanga, David Oyelowo, Lupita Nyongo
Almost Holy (Crocodile Gennadiy)^2016^Steve Hoover^
Aferim!^2016^Radu Jude^Teodor Corban, Mihai Comanoiu, Toma Cuzin
The Dark Horse^2016^James Napier Robertson^Cliff Curtis, James Rolleston, Kirk Torrance
Lo and Behold^Reveries of the Connected World^2016^Werner Herzog^Elon Musk, Lawrence Krauss, Lucianne Walkowicz
13th^2016^Ava DuVernay^Melina Abdullah, Michelle Alexander, Cory Booker
De Palma^2016^Noah Baumbach^
Marguerite^2016^Xavier Giannoli^Catherine Frot, Andr\xc3\xa9 Marcon, Michel Fau
Dark Horse^2016^Todd Solondz^Jordan Gelber, Selma Blair, Christopher Walken
Gimme Danger^2016^Jim Jarmusch^Iggy Pop, Ron Asheton, Scott Asheton
The Love Witch^2016^Anna Biller^Samantha Robinson, Jeffrey Vincent Parise, Laura Waddell
Green Room^2016^Jeremy Saulnier^Anton Yelchin, Imogen Poots, Alia Shawkat
Sully^2016^Clint Eastwood^Tom Hanks, Aaron Eckhart, Laura Linney
Certain Women^2016^Kelly Reichardt^Michelle Williams, Kristen Stewart, Laura Dern
Train to Busan (Busanhaeng)^2016^Sang-ho Yeon^Yoo Gong, Yu-mi Jung, Dong-seok Ma
Hail^Caesar!^2016^Fred Levinson^Dan Resin, Richard B. Shull, Dick ONeill
The Innocents (Les innocentes)^2016^Anne Fontaine^Lou de La\xc3\xa2ge, Agata Buzek, Agata Kulesza
Southside With You^2016^Richard Tanne^Tika Sumpter, Parker Sawyers, Vanessa Bell Calloway
Life^Animated^2016^Daniel Espinosa^Jake Gyllenhaal, Rebecca Ferguson, Ryan Reynolds
Long Way North (Tout en haut du monde)^2016^Rémi Chayé^Peter Hudson, Christa Th\xc3\xa9ret, F\xc3\xa9odor Atkine
April and the Extraordinary World (Avril et le monde truqué)^2016^Christian Desmares^Marion Cotillard, Philippe Katerine, Jean Rochefort
Nuts!^2016^Penny Lane^Gene Tognacci, Andy Boswell, John Causby
Gleason^2016^Clay Tweel^Steve Gleason, Mike Gleason, Scott Fujita
The Eagle Huntress^2016^Otto Bell^Aisholpan Nurgaiv, Daisy Ridley, Rys Nurgaiv
Fire at Sea (Fuocoammare)^2016^Gianfranco Rosi^Giuseppe Fragapane, Samuele Pucillo, Pietro Bartolo
The Lobster^2016^Yorgos Lanthimos^Colin Farrell, Rachel Weisz, Jessica Barden
Tickled^2016^David Farrier^David Farrier, Dylan Reeve, Marko Realmonte
Our Little Sister (Umimachi Diary)^2016^Hirokazu Koreeda^Haruka Ayase, Masami Nagasawa, Kaho
The Little Prince^2016^Stanley Donen^Richard Kiley, Steven Warner, Joss Ackland
Presenting Princess Shaw^2016^Ido Haar^Kutiman, Samantha Montgomery
Hacksaw Ridge^2016^Mel Gibson^Andrew Garfield, Sam Worthington, Luke Bracey
A Bigger Splash^2016^Luca Guadagnino^Tilda Swinton, Matthias Schoenaerts, Ralph Fiennes
Pete's Dragon^2016^David Lowery^Bryce Dallas Howard, Robert Redford, Oakes Fegley
Deadpool^2016^Tim Miller^Ryan Reynolds, Morena Baccarin, T.J. Miller
Lion^2016^Garth Davis^Dev Patel, Nicole Kidman, Rooney Mara
Florence Foster Jenkins^2016^Stephen Frears^Meryl Streep, Hugh Grant, Simon Helberg
A Man Called Ove (En man som heter Ove)^2016^Hannes Holm^Rolf Lassg\xc3\xa5rd, Bahar Pars, Filip Berg
Don't Breathe^2016^Fede Alvarez^Stephen Lang, Jane Levy, Dylan Minnette
Star Trek Beyond^2016^Justin Lin^Chris Pine, Zachary Quinto, Karl Urban
Summertime (La Belle Saison)^2016^Catherine Corsini^C\xc3\xa9cile De France, Iz\xc3\xafa Higelin, No\xc3\xa9mie Lvovsky
Mountains May Depart (Shan he gu ren)^2016^Zhangke Jia^Tao Zhao, Yi Zhang, Jing Dong Liang
Everybody Wants Some!!^2016^Richard Linklater^Blake Jenner, Tyler Hoechlin, Ryan Guzman
The Last Man On The Moon^2016^Mark Craig^Eugene Cernan, Alan Bean, Charles Duke
A War (Krigen)^2016^Volker Bruch^Volker Bruch, Tom Schilling, Katharina Sch\xc3\xbcttler
Right Now^Wrong Then^2016^Benoît Jacquot^Isild Le Besco, Ouassini Embarek, Nicolas Duvauchelle
Demon^2016^Daniel Alfredson^Anthony Hopkins, Julia Stiles, Ray Liotta
Miss Hokusai (Sarusuberi: Miss Hokusai)^2016^Keiichi Hara^Yutaka Matsushige, Anne Watanabe, Erica Lindbeck
I Am Not a Serial Killer^2016^Billy O'Brien^Max Records, Christopher Lloyd, Laura Fraser
Barbershop: The Next Cut^2016^Malcolm D. Lee^Ice Cube, Regina Hall, Anthony Anderson
Zero Days^2016^Alex Gibney^David Sanger, Emad Kiyaei, Eric Chien
Eat That Question: Frank Zappa in His Own Words^2016^Thorsten Schütte^Frank Zappa, Steve Allen, Angel
The Boy And The Beast^2016^Mamoru Hosoda^Randy E. Aguebor, Bryn Apprill, Kumiko As\xc3\xb4
Mad Max: Fury Road^2015^George Miller^Tom Hardy, Charlize Theron, Nicholas Hoult
Inside Out^2015^Pete Docter^Amy Poehler, Bill Hader, Lewis Black
Spotlight^2015^Tom McCarthy^Mark Ruffalo, Michael Keaton, Rachel McAdams
Selma^2015^Ava DuVernay^David Oyelowo, Carmen Ejogo, Tim Roth
Star Wars: Episode VII - The Force Awakens^2015^J.J. Abrams^Daisy Ridley, John Boyega, Oscar Isaac
It Follows^2015^David Robert Mitchell^Maika Monroe, Keir Gilchrist, Olivia Luccardi
Brooklyn^2015^John Crowley^Saoirse Ronan, Emory Cohen, Domhnall Gleeson
Creed^2015^Ryan Coogler^Michael B. Jordan, Sylvester Stallone, Tessa Thompson
The Martian^2015^Ridley Scott^Matt Damon, Jessica Chastain, Kristen Wiig
Shaun the Sheep Movie^2015^Mark Burton^Justin Fletcher, John Sparkes, Omid Djalili
Room^2015^Lenny Abrahamson^Brie Larson, Jacob Tremblay, Sean Bridgers
Carol^2015^Todd Haynes^Cate Blanchett, Rooney Mara, Sarah Paulson
Mission: Impossible Rogue Nation^2015^Christopher McQuarrie^Tom Cruise, Rebecca Ferguson, Jeremy Renner
45 Years^2015^Andrew Haigh^Charlotte Rampling, Tom Courtenay, Geraldine James
Son of Saul^2015^László Nemes^G\xc3\xa9za R\xc3\xb6hrig, Levente Moln\xc3\xa1r, Urs Rechn
Paddington^2015^Paul King^Hugh Bonneville, Sally Hawkins, Julie Walters
Spy^2015^Paul Feig^Melissa McCarthy, Rose Byrne, Jude Law
Timbuktu^2015^Abderrahmane Sissako^Ibrahim Ahmed, Abel Jafri, Toulou Kiki
Mustang^2015^Deniz Gamze Ergüven^G\xc3\xbcnes Sensoy, Doga Zeynep Doguslu, Tugba Sunguroglu
Amy^2015^Amy Brenneman^Amy Brenneman, Tyne Daly, Karle Warren
Sicario^2015^Denis Villeneuve^Emily Blunt, Josh Brolin, Benicio Del Toro
GETT: The Trial of Viviane Amsalem^2015^Ronit Elkabetz^Ronit Elkabetz, Simon Abkarian, Gabi Amrani
Phoenix^2015^Sofia Coppola^Nicole Kidman, Kirsten Dunst, Elle Fanning
Tangerine^2015^Sean Baker^Kitana Kiki Rodriguez, Mya Taylor, Karren Karagulian
What We Do In The Shadows^2015^Jemaine Clement^Jemaine Clement, Taika Waititi, Cori Gonzalez-Macuer
Seymour: An Introduction^2015^Ethan Hawke^Seymour Bernstein, Jiyang Chen, Ethan Hawke
Bridge of Spies^2015^Steven Spielberg^Tom Hanks, Mark Rylance, Alan Alda
Ex Machina^2015^Alex Garland^Alicia Vikander, Domhnall Gleeson, Oscar Isaac
Court^2015^Jason Hepler^Timothy Woodward Jr., Ayesha Curry, Joe Gadbois
Iris^2015^Jalil Lespert^Romain Duris, Charlotte Le Bon, Jalil Lespert
3 And 1/2 Minutes^10 Bullets^2015^Marc Silver^Lucia McBath, Ron Davis, Michael David Dunn
About Elly^2015^Asghar Farhadi^Golshifteh Farahani, Shahab Hosseini, Taraneh Alidoosti
Kurt Cobain: Montage Of Heck^2015^Brett Morgen^Aaron Burckhard, Chad Channing, Don Cobain
Heart of a Dog^2015^Laurie Anderson^Laurie Anderson, Archie, Jason Berg
'71^2015^Yann Demange^Jack OConnell, Sam Reid, Sean Harris
The Look of Silence^2015^Joshua Oppenheimer^Adi Rukun, M.Y. Basrun, Amir Hasan
Anomalisa^2015^Duke Johnson^David Thewlis, Jennifer Jason Leigh, Tom Noonan
Wild Tales^2015^Damián Szifron^Dar\xc3\xado Grandinetti, Mar\xc3\xada Marull, M\xc3\xb3nica Villa
Listen To Me Marlon^2015^Stevan Riley^Marlon Brando, Stella Adler, Bernardo Bertolucci
Hitchcock/Truffaut^2015^Kent Jones^Mathieu Amalric, Wes Anderson, Peter Bogdanovich
Ingrid Bergman in Her Own Words (Jag är Ingrid)^2015^Stig Björkman^Ingrid Bergman, Alicia Vikander, Pia Lindstr\xc3\xb6m
The Big Short^2015^Adam McKay^Christian Bale, Steve Carell, Ryan Gosling
The Diary Of A Teenage Girl^2015^Marielle Heller^Bel Powley, Alexander Skarsg\xc3\xa5rd, Kristen Wiig
Jafar Panahi's Taxi^2015^Jafar Panahi^
Finders Keepers^2015^Alexander Yellen^Jaime Pressly, Patrick Muldoon, Tobin Bell
Red Army^2015^Gabe Polsky^Viacheslav Fetisov, Scotty Bowman, Herb Brooks
Theeb^2015^Naji Abu Nowar^Jacir Eid Al-Hwietat, Hussein Salameh Al-Sweilhiyeen, Hassan Mutlag Al-Maraiyeh
Welcome To Leith^2015^Michael Beach Nichols^Craig Cobb, Ryan Lenz, Amber Schatz
The Second Mother (Que Horas Ela Volta?)^2015^Anna Muylaert^Regina Cas\xc3\xa9, Helena Albergaria, Michel Joelsas
The Gift^2015^Joel Edgerton^Jason Bateman, Rebecca Hall, Joel Edgerton
Love &amp; Mercy^2015^Gaspar Noé^Aomi Muyock, Karl Glusman, Klara Kristin
Girlhood^2015^Céline Sciamma^Karidja Tour\xc3\xa9, Assa Sylla, Lindsay Karamoh
Grandma^2015^Paul Weitz^Lily Tomlin, Julia Garner, Marcia Gay Harden
Best Of Enemies^2015^Robert Gordon^Gore Vidal, William F. Buckley, Dick Cavett
The Salt of the Earth^2015^Juliano Ribeiro Salgado^Sebasti\xc3\xa3o Salgado, Wim Wenders, L\xc3\xa9lia Wanick Salgado
Slow West^2015^John Maclean^Kodi Smit-McPhee, Caren Pistorius, Aorere Paki
Appropriate Behavior^2015^Desiree Akhavan^Desiree Akhavan, Rebecca Henderson, Halley Feiffer
In Jackson Heights^2015^Frederick Wiseman^
99 Homes^2015^Ramin Bahrani^Andrew Garfield, Michael Shannon, Laura Dern
Going Clear: Scientology and the Prison of Belief^2015^Alex Gibney^Paul Haggis, Jason Beghe, Spanky Taylor
A Most Violent Year^2015^J.C. Chandor^Oscar Isaac, Jessica Chastain, David Oyelowo
The Wonders^2015^Tom Hanks^Tom Hanks, Liv Tyler, Charlize Theron
Steve Jobs^2015^Danny Boyle^Michael Fassbender, Kate Winslet, Seth Rogen
The Forbidden Room^2015^Guy Maddin^Roy Dupuis, Clara Furey, Louis Negin
The End Of The Tour^2015^James Ponsoldt^Jason Segel, Jesse Eisenberg, Anna Chlumsky
We Are Still Here^2015^Ted Geoghegan^Barbara Crampton, Andrew Sensenig, Lisa Marie
The Duke Of Burgundy^2015^Peter Strickland^Sidse Babett Knudsen, Monica Swinn, Chiara DAnna
The Wrecking Crew^2015^Phil Karlson^Dean Martin, Elke Sommer, Sharon Tate
I'll See You in My Dreams^2015^Brett Haley^Blythe Danner, Martin Starr, Sam Elliott
Trainwreck^2015^Judd Apatow^Amy Schumer, Bill Hader, Brie Larson
Clouds of Sils Maria^2015^Olivier Assayas^Juliette Binoche, Kristen Stewart, Chlo\xc3\xab Grace Moretz
Beasts of No Nation^2015^Cary Fukunaga^Abraham Attah, Emmanuel Affadzi, Ricky Adelayitor
Boy and the World (O Menino e o Mundo)^2015^Alê Abreu^Vinicius Garcia, Marco Aur\xc3\xa9lio Campos, Lu Horta
Disneynature Monkey Kingdom^2015^unknown^unknown
Mr. Holmes^2015^Bill Condon^Ian McKellen, Laura Linney, Hiroyuki Sanada
Straight Outta Compton^2015^F. Gary Gray^OShea Jackson Jr., Corey Hawkins, Jason Mitchell
Güeros^2015^Alonso Ruizpalacios^Tenoch Huerta, Sebasti\xc3\xa1n Aguirre, Ilse Salas
Janis: Little Girl Blue^2015^Amy Berg^Cat Power, Janis Joplin, Karleen Bennett
The Hunting Ground^2015^Kirby Dick^Andrea Pino, Annie Clark, Claire Potter
The Black Panthers: Vanguard Of The Revolution^2015^Stanley Nelson^Angela Arnold, Erica Ball, Rhon G. Flatts
Queen of Earth^2015^Alex Ross Perry^Elisabeth Moss, Katherine Waterston, Patrick Fugit
The Lady In The Van^2015^Nicholas Hytner^Maggie Smith, Alex Jennings, Jim Broadbent
When Marnie Was There^2015^Hiromasa Yonebayashi^Sara Takatsuki, Kasumi Arimura, Nanako Matsushima
The Pearl Button (El botón de nácar)^2015^Patricio Guzmán^Patricio Guzm\xc3\xa1n, Ra\xc3\xbal Zurita
Peggy Guggenheim: Art Addict^2015^Lisa Immordino Vreeland^Peggy Guggenheim, Marina Abramovic, Dore Ashton
The Peanuts Movie^2015^Steve Martino^Noah Schnapp, Bill Melendez, Hadley Belle Miller
Still Alice^2015^Richard Glatzer^Julianne Moore, Alec Baldwin, Kristen Stewart
Mississippi Grind^2015^Anna Boden^Ben Mendelsohn, Ryan Reynolds, Yvonne Landry
The Walk^2015^Robert Zemeckis^Joseph Gordon-Levitt, Charlotte Le Bon, Guillaume Baillargeon
The Revenant^2015^Alejandro G. Iñárritu^Leonardo DiCaprio, Tom Hardy, Will Poulter
Black Souls^2015^Francesco Munzi^Marco Leonardi, Peppino Mazzotta, Fabrizio Ferracane
Coming Home^2015^Hal Ashby^Jane Fonda, Jon Voight, Bruce Dern
Breathe^2015^Andy Serkis^Andrew Garfield, Claire Foy, Hugh Bonneville
Dope^2015^Rick Famuyiwa^Shameik Moore, Tony Revolori, Kiersey Clemons
James White^2015^Josh Mond^Christopher Abbott, Cynthia Nixon, Scott Mescudi
Mommy^2015^Xavier Dolan^Anne Dorval, Antoine-Olivier Pilon, Suzanne Cl\xc3\xa9ment
Ant-Man^2015^Peyton Reed^Paul Rudd, Michael Douglas, Corey Stoll
Bone Tomahawk^2015^S. Craig Zahler^Kurt Russell, Patrick Wilson, Matthew Fox
Sunshine Superman^2015^Marah Strauch^Carl Boenisch, Pat Sajak, Phil Donahue
Kumiko^the Treasure Hunter^2015^David Zellner^Rinko Kikuchi, Nobuyuki Katsube, Kanako Higashi
Boyhood^2014^Richard Linklater^Ellar Coltrane, Patricia Arquette, Ethan Hawke
The Babadook^2014^Jennifer Kent^Essie Davis, Noah Wiseman, Daniel Henshall
The LEGO Movie^2014^Phil Lord^Chris Pratt, Will Ferrell, Elizabeth Banks
Whiplash^2014^Damien Chazelle^Miles Teller, J.K. Simmons, Melissa Benoist
Nightcrawler^2014^Dan Gilroy^Jake Gyllenhaal, Rene Russo, Bill Paxton
Life Itself^2014^Dan Fogelman^Olivia Cooke, Oscar Isaac, Samuel L. Jackson
Mr. Turner^2014^Mike Leigh^Timothy Spall, Paul Jesson, Dorothy Atkinson
Leviathan^2014^Jonathan Levine^Josh Peck, Ben Kingsley, Olivia Thirlby
Snowpiercer^2014^Joon-ho Bong^Chris Evans, Jamie Bell, Tilda Swinton
Gloria^2014^Edward Zwick^Matthew Broderick, Denzel Washington, Cary Elwes
Two Days^One Night^2014^Sean McGinly^Adam Scott, Karl Wiedergott, Mark Phinney
Birdman^2014^Alejandro G. Iñárritu^Michael Keaton, Zach Galifianakis, Edward Norton
The Grand Budapest Hotel^2014^Wes Anderson^Ralph Fiennes, F. Murray Abraham, Mathieu Amalric
Live Die Repeat: Edge of Tomorrow^2014^Doug Liman^Tom Cruise, Emily Blunt, Bill Paxton
Guardians of the Galaxy^2014^James Gunn^Chris Pratt, Vin Diesel, Bradley Cooper
X-Men: Days of Future Past^2014^Bryan Singer^Patrick Stewart, Ian McKellen, Hugh Jackman
The Tale of the Princess Kaguya^2014^Isao Takahata^Chlo\xc3\xab Grace Moretz, James Caan, Mary Steenburgen
Starred Up^2014^David Mackenzie^Jack OConnell, Ben Mendelsohn, Rupert Friend
Jodorowsky's Dune^2014^Frank Pavich^Alejandro Jodorowsky, Michel Seydoux, H.R. Giger
Song Of The Sea^2014^Tomm Moore^David Rawle, Brendan Gleeson, Lisa Hannigan
The Missing Picture^2014^Rithy Panh^Randal Douc, Jean-Baptiste Phou
Dawn Of The Planet Of The Apes^2014^Matt Reeves^Gary Oldman, Keri Russell, Andy Serkis
We Are the Best!^2014^Lukas Moodysson^Mira Barkhammar, Mira Grosin, Liv LeMoyne
Ida^2014^Pawel Pawlikowski^Agata Kulesza, Agata Trzebuchowska, Dawid Ogrodnik
Citizenfour^2014^Laura Poitras^Edward Snowden, Glenn Greenwald, William Binney
The Imitation Game^2014^Morten Tyldum^Benedict Cumberbatch, Keira Knightley, Matthew Goode
Ilo Ilo^2014^Anthony Chen^Yann Yann Yeo, Tian Wen Chen, Angeli Bayani
Blue Ruin^2014^Jeremy Saulnier^Macon Blair, Devin Ratray, Amy Hargreaves
A Girl Walks Home Alone at Night^2014^Ana Lily Amirpour^Sheila Vand, Arash Marandi, Marshall Manesh
Wild^2014^Jean-Marc Vallée^Reese Witherspoon, Laura Dern, Gaby Hoffmann
Gone Girl^2014^David Fincher^Ben Affleck, Rosamund Pike, Neil Patrick Harris
The Overnighters^2014^Jesse Moss^Jay Reinke, Keegan Edwards
Elaine Stritch: Shoot Me^2014^Chiemi Karasawa^Elaine Stritch, Tina Fey, Alec Baldwin
Captain America: The Winter Soldier^2014^Anthony Russo^Chris Evans, Samuel L. Jackson, Scarlett Johansson
The Lunchbox^2014^Ritesh Batra^Irrfan Khan, Nimrat Kaur, Nawazuddin Siddiqui
Ernest &amp; Célestine^2014^Darren Robbie^unknown
Love Is Strange^2014^Ira Sachs^John Lithgow, Alfred Molina, Marisa Tomei
A Summer's Tale^2014^Éric Rohmer^Melvil Poupaud, Amanda Langlet, Gwena\xc3\xablle Simon
Locke^2014^Steven Knight^Tom Hardy, Olivia Colman, Ruth Wilson
Force Majeure^2014^Ruben Östlund^Johannes Kuhnke, Lisa Loven Kongsli, Clara Wettergren
Finding Vivian Maier^2014^John Maloof^Vivian Maier, John Maloof, Daniel Arnaud
Pride^2014^Matthew Warchus^Bill Nighy, Imelda Staunton, Dominic West
Frank^2014^Lenny Abrahamson^Michael Fassbender, Domhnall Gleeson, Maggie Gyllenhaal
20^000 Days on Earth^2014^Christiano Dias^Ross Douglas Blake, James Lentzsch, Patrick Platner
The Rocket^2014^Richard Blake^Brady Tutton, Richard Blake, Nickolaus Schnetzky
How to Train Your Dragon 2^2014^Dean DeBlois^Jay Baruchel, Cate Blanchett, Gerard Butler
Particle Fever^2014^Mark Levinson^David Kaplan, Fabiola Gianotti, Sherwood Boehlert
Manakamana^2014^Stephanie Spray^Chabbi Lal Gandharba, Anish Gandharba, Bindu Gayek
The Last of the Unjust^2014^Claude Lanzmann^Benjamin Murmelstein, Claude Lanzmann
Big Hero 6^2014^Don Hall^Ryan Potter, Scott Adsit, Jamie Chung
National Gallery^2014^Frederick Wiseman^Leanne Benjamin, Kausikan Rajeshkumar, Jo Shapcott
Last Days in Vietnam^2014^Rory Kennedy^Richard Nixon, Henry Kissinger, Stuart Herrington
The Dance of Reality^2014^Alejandro Jodorowsky^Brontis Jodorowsky, Pamela Flores, Jeremias Herskovits
The Drop^2014^Michaël R. Roskam^Tom Hardy, Noomi Rapace, James Gandolfini
Foxcatcher^2014^Bennett Miller^Steve Carell, Channing Tatum, Mark Ruffalo
Calvary^2014^John Michael McDonagh^Brendan Gleeson, Chris ODowd, Kelly Reilly
Stranger by the Lake^2014^Alain Guiraudie^Pierre Deladonchamps, Christophe Paou, Patrick dAssum\xc3\xa7ao
Obvious Child^2014^Gillian Robespierre^Jenny Slate, Jake Lacy, Gaby Hoffmann
Dear White People^2014^Justin Simien^Logan Browning, Brandon P Bell, DeRon Horton
The Wind Rises^2014^Hayao Miyazaki^Hideaki Anno, Hidetoshi Nishijima, Miori Takimoto
The Normal Heart^2014^Ryan Murphy^Mark Ruffalo, Jonathan Groff, Frank De Julio
Diplomacy^2014^Volker Schlöndorff^Andr\xc3\xa9 Dussollier, Niels Arestrup, Burghart Klau\xc3\x9fner
In Bloom^2014^Vadim Perelman^Uma Thurman, Evan Rachel Wood, Eva Amurri Martino
The Internet's Own Boy: The Story of Aaron Swartz^2014^Brian Knappenberger^Aaron Swartz, Tim Berners-Lee, Cindy Cohn
Le Week-End^2014^Roger Michell^Lindsay Duncan, Jim Broadbent, Jeff Goldblum
A Most Wanted Man^2014^Anton Corbijn^Philip Seymour Hoffman, Rachel McAdams, Daniel Br\xc3\xbchl
Tim's Vermeer^2014^Teller^Tim Jenison, Penn Jillette, Martin Mull
Under the Skin^2014^Jonathan Glazer^Scarlett Johansson, Jeremy McWilliams, Lynsey Taylor Mackay
John Wick^2014^Chad Stahelski^Keanu Reeves, Michael Nyqvist, Alfie Allen
Child's Pose^2014^Cãlin Peter Netzer^Luminita Gheorghiu, Bogdan Dumitrache, Natasa Raab
Venus in Fur^2014^Roman Polanski^Emmanuelle Seigner, Mathieu Amalric
Chef^2014^John Wells^unknown
Only Lovers Left Alive^2014^Jim Jarmusch^unknown
Top Five^2014^Chris Rock^unknown
Omar^2014^Simon Barry^unknown
Mistaken for Strangers^2014^Tom Berninger^unknown
The Guest^2014^Adam Wingard^unknown
The Dog^2014^Anthony C. Ferrante^unknown
Art and Craft^2014^Sam Cullman^unknown
12 O'clock Boys^2014^Lotfy Nathan^unknown
To Be Takei^2014^Jennifer M. Kroot^unknown
22 Jump Street^2014^Phil Lord^unknown
Joe^2014^John Madden^unknown
The Skeleton Twins^2014^Craig Johnson^unknown
Wetlands^2014^David Wnendt^unknown
Night Moves^2014^Kelly Reichardt^unknown
Cheap Thrills^2014^E.L. Katz^unknown
The Kill Team^2014^Dan Krauss^unknown
Siddharth^2014^Shyam Benegal^unknown
The Good Lie^2014^Philippe Falardeau^unknown
Disneynature Bears^2014^Harry Perry III^unknown
The Blue Room (La chambre bleue)^2014^Mathieu Amalric^unknown
Alan Partridge^2014^Declan Lowney^unknown
The Trip To Italy^2014^Steve Coogan^unknown
Adieu au langage (Goodbye to Language)^2014^Jean-Luc Godard^unknown
Like Father^Like Son^2014^Lauren Miller^unknown
A Field in England^2014^Ben Wheatley^unknown
The Immigrant^2014^James Gray^unknown
Coherence^2014^James Ward Byrkit^unknown
Winter Sleep^2014^Nuri Bilge Ceylan^unknown
Gravity^2013^Alfonso Cuarón^unknown
12 Years a Slave^2013^Steve McQueen^unknown
Before Midnight^2013^Richard Linklater^unknown
Short Term 12^2013^Destin Daniel Cretton^unknown
Mud^2013^Jeff Nichols^unknown
Her^2013^Spike Jonze^unknown
American Hustle^2013^David O. Russell^unknown
20 Feet From Stardom^2013^Morgan Neville^unknown
Inside Llewyn Davis^2013^Ethan Coen^unknown
Captain Phillips^2013^Paul Greengrass^unknown
Wadjda^2013^Haifaa Al-Mansour^unknown
All Is Lost^2013^J.C. Chandor^unknown
Zero Dark Thirty^2013^Kathryn Bigelow^unknown
Blackfish^2013^Gabriela Cowperthwaite^unknown
Dallas Buyers Club^2013^Jean-Marc Vallée^unknown
The Square (Al Midan)^2013^Jehane Noujaim^unknown
Enough Said^2013^Nicole Holofcener^unknown
Fruitvale Station^2013^Ryan Coogler^unknown
The Act Of Killing^2013^Joshua Oppenheimer^unknown
Sound City^2013^Dave Grohl^unknown
56 Up^2013^Michael Apted^unknown
Nebraska^2013^Alexander Payne^unknown
The Selfish Giant^2013^Clio Barnard^unknown
The Hunger Games: Catching Fire^2013^Francis Lawrence^unknown
Let The Fire Burn^2013^Jason Osder^unknown
Call Me Kuchu^2013^Katherine Fairfax Wright^unknown
Blue Jasmine^2013^Woody Allen^unknown
A Hijacking^2013^Tobias Lindholm^unknown
Stories We Tell^2013^Sarah Polley^unknown
Philomena^2013^Stephen Frears^unknown
Muscle Shoals^2013^Greg 'Freddy' Camalier^unknown
The Hunt (Jagten)^2013^Thomas Vinterberg^unknown
Room 237^2013^Rodney Ascher^unknown
Behind the Candelabra^2013^Steven Soderbergh^unknown
Cutie And The Boxer^2013^Zachary Heinzerling^unknown
Le passé (The Past)^2013^Rio Ferdinand^unknown
Frances Ha^2013^Noah Baumbach^unknown
Lore^2013^Aaron Mahnke^unknown
Frozen^2013^Chris Buck^unknown
The Spectacular Now^2013^James Ponsoldt^unknown
Blancanieves^2013^Caroline Thompson^unknown
The World's End^2013^Edgar Wright^unknown
I Am Divine^2013^Jeffrey Schwarz^unknown
No^2013^Pablo Larraín^unknown
The Crash Reel^2013^Lucy Walker^unknown
Rush^2013^Ron Howard^unknown
War Witch^2013^Kim Nguyen^unknown
The Gatekeepers^2013^Dror Moreh^unknown
After Tiller^2013^Martha Shane^unknown
Blue Is The Warmest Color^2013^Abdellatif Kechiche^unknown
Star Trek Into Darkness^2013^J.J. Abrams^unknown
In a World...^2013^Lake Bell^unknown
Museum Hours^2013^Jem Cohen^unknown
The Sapphires^2013^Wayne Blair^unknown
A Touch of Sin^2013^Zhangke Jia^unknown
Drug War^2013^Johnnie To^unknown
A Band Called Death^2013^Mark Christopher Covino^unknown
The Great Beauty^2013^Paolo Sorrentino^unknown
Still Mine^2013^Michael McGowan^unknown
Beyond The Hills^2013^Cristian Mungiu^unknown
Mother Of George^2013^Andrew Dosunmu^unknown
Our Children^2013^Joachim Lafosse^unknown
Sunshine on Leith^2013^Dexter Fletcher^unknown
The Conjuring^2013^James Wan^unknown
We Steal Secrets: The Story Of Wikileaks^2013^Alex Gibney^unknown
Gimme The Loot^2013^Adam Leon^unknown
Caesar Must Die^2013^Paolo Taviani^unknown
Inequality For All^2013^Jacob Kornbluth^unknown
A Place at the Table^2013^Kristi Jacobson^unknown
The Punk Singer^2013^Sini Anderson^unknown
In the House^2013^François Ozon^unknown
Iron Man 3^2013^Shane Black^unknown
Fill the Void^2013^Rama Burshtein^unknown
The Angels' Share^2013^Ken Loach^unknown
Upstream Color^2013^Shane Carruth^unknown
Prisoners^2013^Denis Villeneuve^unknown
Much Ado About Nothing^2013^Kenneth Branagh^unknown
Side Effects^2013^Steven Soderbergh^unknown
The Way Way Back^2013^Nat Faxon^unknown
This Is the End^2013^Evan Goldberg^unknown
My Brother The Devil^2013^Sally El Hosaini^unknown
Hannah Arendt^2013^Margarethe von Trotta^unknown
What Maisie Knew^2013^Scott McGehee^unknown
Computer Chess^2013^Andrew Bujalski^unknown
Sightseers^2013^Ben Wheatley^unknown
Narco Cultura^2013^Shaul Schwarz^unknown
We Are What We Are^2013^Jim Mickle^unknown
Saving Mr. Banks^2013^John Lee Hancock^unknown
Happy People: A Year in the Taiga^2013^Werner Herzog^unknown
Warm Bodies^2013^Jonathan Levine^unknown
The Wolf of Wall Street^2013^Martin Scorsese^unknown
Don Jon^2013^Joseph Gordon-Levitt^unknown
The Place Beyond The Pines^2013^Derek Cianfrance^unknown
The Patience Stone^2013^Atiq Rahimi^unknown
The Attack^2013^Ziad Doueiri^unknown
At Berkeley^2013^Frederick Wiseman^unknown
Berberian Sound Studio^2013^Peter Strickland^unknown
Yossi^2013^Eytan Fox^unknown
Drinking Buddies^2013^Joe Swanberg^unknown
From Up On Poppy Hill^2013^Gorô Miyazaki^unknown
Argo^2012^Ben Affleck^unknown
Skyfall^2012^Sam Mendes^unknown
Marvel's The Avengers^2012^Joss Whedon^unknown
Looper^2012^Rian Johnson^unknown
Jiro Dreams of Sushi^2012^David Gelb^unknown
The Cabin in the Woods^2012^Drew Goddard^unknown
Moonrise Kingdom^2012^Wes Anderson^unknown
Wake in Fright^2012^Ted Kotcheff^unknown
How to Survive a Plague^2012^David France^unknown
The Invisible War^2012^Kirby Dick^unknown
This Is Not a Film^2012^Mojtaba Mirtahmasb^unknown
Monsieur Lazhar^2012^Philippe Falardeau^unknown
Silver Linings Playbook^2012^David O. Russell^unknown
Amour^2012^Michael Haneke^unknown
The Kid with a Bike^2012^Jean-Pierre Dardenne^unknown
The Dark Knight Rises^2012^Christopher Nolan^unknown
The Sessions^2012^Ben Lewin^unknown
West of Memphis^2012^Amy Berg^unknown
Lincoln^2012^Steven Spielberg^unknown
Ai Weiwei: Never Sorry^2012^Alison Klayman^unknown
Beware Of Mr. Baker^2012^Jay Bulger^unknown
Undefeated^2012^Daniel Lindsay^unknown
Mea Maxima Culpa: Silence In The House Of God^2012^Alex Gibney^unknown
The Island President^2012^Jon Shenk^unknown
The Loved Ones^2012^Sean Byrne^unknown
The Secret World of Arrietty^2012^Hiromasa Yonebayashi^unknown
Oslo^August 31st^2012^Matt Whittington^unknown
The Imposter^2012^Bart Layton^unknown
Marley^2012^Kevin Macdonald^unknown
Searching for Sugar Man^2012^Malik Bendjelloul^unknown
Chasing Ice^2012^Jeff Orlowski^unknown
Sister^2012^David Lascher^unknown
The Queen of Versailles^2012^Lauren Greenfield^unknown
Brooklyn Castle^2012^Jonathan Levine^unknown
Django Unchained^2012^Quentin Tarantino^unknown
5 Broken Cameras^2012^Emad Burnat^unknown
Headhunters^2012^Morten Tyldum^unknown
Marina Abramovic: The Artist Is Present^2012^Matthew Akers^unknown
Diana Vreeland: The Eye Has To Travel^2012^Lisa Immordino Vreeland^unknown
Holy Motors^2012^Leos Carax^unknown
The House I Live In^2012^Eugene Jarecki^unknown
Life of Pi^2012^Ang Lee^unknown
Barbara^2012^Michael Bay^unknown
The Central Park Five^2012^Ken Burns^unknown
First Position^2012^Bess Kargman^unknown
I Wish^2012^Hirokazu Koreeda^unknown
Safety Not Guaranteed^2012^Colin Trevorrow^unknown
Elena^2012^Andrey Zvyagintsev^unknown
The Hunger Games^2012^Gary Ross^unknown
Farewell^My Queen^2012^Christian Carion^unknown
Bernie^2012^Peter Yates^unknown
Frankenweenie^2012^Tim Burton^unknown
Once Upon a Time in Anatolia^2012^Nuri Bilge Ceylan^unknown
Turn Me On^Dammit!^2012^Jannicke Systad Jacobsen^unknown
Electric Boogaloo: The Wild^Untold Story of Cannon Films^2012^Mark Hartley^unknown
Side by Side^2012^Christopher Kenneally^unknown
Compliance^2012^Craig Zobel^unknown
The Master^2012^Paul Thomas Anderson^unknown
Wreck-it Ralph^2012^Rich Moore^unknown
ParaNorman^2012^Chris Butler^unknown
Beasts of the Southern Wild^2012^Benh Zeitlin^unknown
Footnote^2012^Joseph Cedar^unknown
21 Jump Street^2012^Phil Lord^unknown
Arbitrage^2012^Nicholas Jarecki^unknown
A Royal Affair^2012^Nikolaj Arcel^unknown
Keep the Lights On^2012^Ira Sachs^unknown
In Darkness^2012^Anthony Byrne^unknown
Robot &amp; Frank^2012^S. Shankar^unknown
The Perks of Being a Wallflower^2012^Stephen Chbosky^unknown
End of Watch^2012^David Ayer^unknown
Chronicle^2012^Josh Trank^unknown
The Pirates! Band of Misfits^2012^Peter Lord^unknown
Polisse^2012^Maïwenn^unknown
The Turin Horse^2012^Béla Tarr^unknown
The Raid: Redemption^2012^Gareth Evans^unknown
Neil Young Journeys^2012^Jonathan Demme^unknown
Bully^2012^Larry Clark^unknown
Seven Psychopaths^2012^Martin McDonagh^unknown
Middle of Nowhere^2012^Ava DuVernay^unknown
Boy^2012^Taika Waititi^unknown
Starlet^2012^Sean Baker^unknown
Chico &amp; Rita^2012^James Komack^unknown
The Big Picture^2012^Christopher Guest^unknown
Tabu^2012^Chips Hardy^unknown
Smashed^2012^James Ponsoldt^unknown
Rundskop (Bullhead)^2012^Michaël R. Roskam^unknown
Miss Bala^2012^Gerardo Naranjo^unknown
Your Sister's Sister^2012^Lynn Shelton^unknown
The Impossible^2012^J.A. Bayona^unknown
Sleepwalk With Me^2012^Mike Birbiglia^unknown
De rouille et d'os (Rust and Bone)^2012^Jacques Audiard^unknown
Magic Mike^2012^Steven Soderbergh^unknown
Declaration of War^2012^Valérie Donzelli^unknown
Snabba cash (Easy Money)^2012^Daniel Espinosa^unknown
Haywire^2012^Steven Soderbergh^unknown
Brave^2012^Mark Andrews^unknown
Flight^2012^Robert Zemeckis^unknown
The Grey^2012^Joe Carnahan^unknown
Return^2012^Liza Johnson^unknown
Goon^2012^Michael Dowse^unknown
Harry Potter and the Deathly Hallows - Part 2^2011^David Yates^unknown
The Artist^2011^Michel Hazanavicius^unknown
A Separation^2011^Asghar Farhadi^unknown
The Muppets^2011^Jim Henson^unknown
Project Nim^2011^James Marsh^unknown
Moneyball^2011^Bennett Miller^unknown
Poetry^2011^Chang-dong Lee^unknown
The Interrupters^2011^Steve James^unknown
Le Havre^2011^Aki Kaurismäki^unknown
Everyday Sunshine: The Story of Fishbone^2011^Lev Anderson^unknown
We Were Here^2011^David Weissman^unknown
Nostalgia for the Light^2011^Patricio Guzmán^unknown
Bill Cunningham New York^2011^Richard Press^unknown
Drive^2011^Nicolas Winding Refn^unknown
Hugo^2011^Martin Scorsese^unknown
Mission: Impossible Ghost Protocol^2011^Anthony Giacchino^unknown
Cave of Forgotten Dreams^2011^Werner Herzog^unknown
50/50^2011^Jonathan Levine^unknown
13 Assassins^2011^Takashi Miike^unknown
Midnight in Paris^2011^Woody Allen^unknown
Win Win^2011^Tom McCarthy^unknown
Born To Be Wild^2011^William Dear^unknown
The Guard^2011^John Michael McDonagh^unknown
Source Code^2011^Duncan Jones^unknown
Bridesmaids^2011^Paul Feig^unknown
Tomboy^2011^Walter Hill^unknown
Pina^2011^Wim Wenders^unknown
Weekend^2011^Andrew Haigh^unknown
Pariah^2011^Dee Rees^unknown
Coriolanus^2011^Ralph Fiennes^unknown
The Arbor^2011^Clio Barnard^unknown
Being Elmo: A Puppeteer's Journey^2011^Constance Marks^unknown
Arthur Christmas^2011^Sarah Smith^unknown
The Descendants^2011^Alexander Payne^unknown
Take Shelter^2011^Jeff Nichols^unknown
Incendies^2011^Denis Villeneuve^unknown
Martha Marcy May Marlene^2011^Sean Durkin^unknown
Silent Souls^2011^Aleksey Fedorchenko^unknown
Knuckle^2011^Ian Palmer^unknown
Senna^2011^Asif Kapadia^unknown
Of Gods and Men^2011^Xavier Beauvois^unknown
Into The Abyss^2011^Werner Herzog^unknown
Attack the Block^2011^Joe Cornish^unknown
X-Men: First Class^2011^Matthew Vaughn^unknown
Winnie the Pooh^2011^Marc Forster^unknown
Tabloid^2011^Matthew Carnahan^unknown
The Four Times (Le Quattro Volte)^2011^Michelangelo Frammartino^unknown
King of Devil's Island^2011^Marius Holst^unknown
Elite Squad: The Enemy Within^2011^José Padilha^unknown
Margin Call^2011^J.C. Chandor^unknown
Rango^2011^Gore Verbinski^unknown
The Girl with the Dragon Tattoo^2011^David Fincher^unknown
Corman's World: Exploits Of A Hollywood Rebel^2011^Alex Stapleton^unknown
City of Life and Death^2011^Chuan Lu^unknown
Point Blank^2011^John Boorman^unknown
Certified Copy (Copie Conforme)^2011^Abbas Kiarostami^unknown
The Tree of Life^2011^Terrence Malick^unknown
The Black Power Mixtape 1967-1975^2011^Göran Olsson^unknown
The Trip^2011^Steve Coogan^unknown
Buck^2011^Ron Leavitt^unknown
Contagion^2011^Steven Soderbergh^unknown
Beats Rhymes &amp; Life: The Travels of a Tribe Called Quest^2011^RZA^unknown
Submarine^2011^Richard Ayoade^unknown
Armadillo^2011^Janus Metz^unknown
The Ides of March^2011^George Clooney^unknown
Cedar Rapids^2011^Miguel Arteta^unknown
Uncle Boonmee Who Can Recall His Past Lives^2011^Apichatpong Weerasethakul^unknown
Super 8^2011^J.J. Abrams^unknown
The Hedgehog^2011^Mona Achache^unknown
Meek's Cutoff^2011^Kelly Reichardt^unknown
Tinker Tailor Soldier Spy^2011^Tomas Alfredson^unknown
Even the Rain (Meme La Pluie)^2011^Icíar Bollaín^unknown
Rise of the Planet of the Apes^2011^Rupert Wyatt^unknown
Terri^2011^Azazel Jacobs^unknown
Jane Eyre^2011^Cary Fukunaga^unknown
Beginners^2011^Mike Mills^unknown
Puss in Boots^2011^Chris Miller^unknown
My Week with Marilyn^2011^Simon Curtis^unknown
The Lincoln Lawyer^2011^Brad Furman^unknown
Bobby Fischer Against The World^2011^Liz Garbus^unknown
Carancho^2011^Pablo Trapero^unknown
A Better Life^2011^Chris Weitz^unknown
Captain America: The First Avenger^2011^Joe Johnston^unknown
Warrior^2011^Gavin O'Connor^unknown
Viva Riva!^2011^Djo Munga^unknown
Circumstance^2011^Maryam Keshavarz^unknown
Young Adult^2011^Jason Reitman^unknown
La princesse de Montpensier (The Princess of Montpensier)^2011^Bertrand Tavernier^unknown
La tête en friche (My Afternoons with Margueritte)^2011^Jean Becker^unknown
Potiche^2011^François Ozon^unknown
Kung Fu Panda 2^2011^Jennifer Yuh Nelson^unknown
Happy^Happy^2011^Kar-Wai Wong^unknown
Tucker and Dale vs. Evil^2011^Eli Craig^unknown
Thor^2011^Kenneth Branagh^unknown
Mysteries of Lisbon^2011^Raoul Ruiz^unknown
Tyrannosaur^2011^Paddy Considine^unknown
The Skin I Live In^2011^Pedro Almodóvar^unknown
The Time That Remains^2011^Elia Suleiman^unknown
Trollhunter^2011^André Øvredal^unknown
Melancholia^2011^Lars von Trier^unknown
Toy Story 3^2010^Lee Unkrich^unknown
The Social Network^2010^David Fincher^unknown
How to Train Your Dragon^2010^Dean DeBlois^unknown
The King's Speech^2010^Tom Hooper^unknown
True Grit^2010^Ethan Coen^unknown
Inside Job^2010^Charles Ferguson^unknown
Waste Land^2010^Lucy Walker^unknown
A Prophet (Un prophete)^2010^Anthony Barthélémy^unknown
Last Train Home^2010^Lixin Fan^unknown
127 Hours^2010^Danny Boyle^unknown
The Town^2010^Ben Affleck^unknown
Animal Kingdom^2010^Jonathan Lisco^unknown
The Kids Are All Right^2010^Lisa Cholodenko^unknown
Marwencol^2010^Robert Zemeckis^unknown
Restrepo^2010^Tim Hetherington^unknown
Exit Through The Gift Shop^2010^Banksy^unknown
Winter's Bone^2010^Debra Granik^unknown
Ajami^2010^Scandar Copti^unknown
A Film Unfinished^2010^Yael Hersonski^unknown
Mother (Madeo)^2010^Billie Rhodes^unknown
The Fighter^2010^David O. Russell^unknown
Another Year^2010^Mike Leigh^unknown
Best Worst Movie^2010^Michael Paul Stephenson^unknown
Inception^2010^Christopher Nolan^unknown
No One Knows About Persian Cats (Les Chats Persans)^2010^Bahman Ghobadi^unknown
Carlos^2010^Edgar Ramírez^unknown
Tangled^2010^Nathan Greno^unknown
The Tillman Story^2010^Amir Bar-Lev^unknown
Fish Tank^2010^Andrea Arnold^unknown
Samson and Delilah^2010^Cecil B. DeMille^unknown
The Secret in Their Eyes (El Secreto de Sus Ojos)^2010^Juan José Campanella^unknown
Black Swan^2010^Darren Aronofsky^unknown
Vincere^2010^Marco Bellocchio^unknown
Joan Rivers: A Piece Of Work^2010^Ricki Stern^unknown
Boxing Gym^2010^Frederick Wiseman^unknown
Lourdes^2010^Jessica Hausner^unknown
Let Me In^2010^Matt Reeves^unknown
Dogtooth (Kynodontas)^2010^Yorgos Lanthimos^unknown
The Illusionist (L'illusionniste)^2010^Christian Bonnet^unknown
The Secret of Kells^2010^Tomm Moore^unknown
Blue Valentine^2010^Derek Cianfrance^unknown
Lebanon (Levanon)^2010^Kristo Pienaar^unknown
Client 9: The Rise and Fall of Eliot Spitzer^2010^Alex Gibney^unknown
Waiting for Superman^2010^Jason Ensler^unknown
Alamar (To the Sea)^2010^Pedro González-Rubio^unknown
Rabbit Hole^2010^John Cameron Mitchell^unknown
Rare Exports: A Christmas Tale^2010^Jalmari Helander^unknown
Unstoppable^2010^Tony Scott^unknown
Winnebago Man^2010^Ben Steinbauer^unknown
My Dog Tulip^2010^Paul Fierlinger^unknown
Cropsey^2010^Barbara Brancaccio^unknown
Easy A^2010^Will Gluck^unknown
Buried^2010^Rodrigo Cortés^unknown
The Father of My Children (Le pere de mes enfants)^2010^Mia Hansen-Løve^unknown
White Material^2010^Claire Denis^unknown
Please Give^2010^Nicole Holofcener^unknown
Terribly Happy (Frygtelig lykkelig)^2010^Henrik Ruben Genz^unknown
Scott Pilgrim vs. the World^2010^Edgar Wright^unknown
Get Low^2010^Aaron Schneider^unknown
The Ghost Writer^2010^Roman Polanski^unknown
The Square^2010^Ruben Östlund^unknown
Farewell (L'affaire Farewell)^2010^Jean-François Delassus^unknown
Looking for Eric^2010^Ken Loach^unknown
Red Riding Trilogy^2010^Michael Phillips^unknown
Despicable Me^2010^Pierre Coffin^unknown
The Art Of The Steal^2010^Jonathan Sobol^unknown
Kisses^2010^Lance Daly^unknown
Harry Potter and the Deathly Hallows - Part 1^2010^David Yates^unknown
Four Lions^2010^Christopher Morris^unknown
Cyrus^2010^Jay Duplass^unknown
Mesrine: Public Enemy #1^2010^Jean-François Richet^unknown
North Face (Nordwand)^2010^Philipp Stölzl^unknown
The Good^the Bad^the Weird (Joheun-nom^Nabbeun-nom^Isanghan-nom)^2010^Christopher Swartout^unknown
I Am Love^2010^Luca Guadagnino^unknown
Casino Jack And The United States Of Money^2010^Alex Gibney^unknown
The Disappearance of Alice Creed^2010^J Blakeson^unknown
Catfish^2010^Henry Joost^unknown
Mademoiselle Chambon^2010^Stéphane Brizé^unknown
Fair Game^2010^Doug Liman^unknown
The Other Guys^2010^Adam McKay^unknown
City Island^2010^Raymond De Felitta^unknown
Made in Dagenham^2010^Nigel Cole^unknown
Cairo Time^2010^Ruba Nadda^unknown
Nowhere Boy^2010^Sam Taylor-Johnson^unknown
Disneynature Oceans^2010^unknown^unknown
Mesrine: Killer Instinct (L'instinct de mort)^2010^Jean-François Richet^unknown
Solitary Man^2010^Brian Koppelman^unknown
Kick-Ass^2010^Matthew Vaughn^unknown
Mother and Child^2010^Rodrigo García^unknown
Countdown to Zero^2010^Timothy Woodward Jr.^unknown
Tiny Furniture^2010^Lena Dunham^unknown
Iron Man 2^2010^Jon Favreau^unknown
Night Catches Us^2010^Tanya Hamilton^unknown
The Girl on the Train (La Fille du RER)^2010^André Téchiné^unknown
Greenberg^2010^Noah Baumbach^unknown
How I Ended This Summer^2010^Aleksey Popogrebskiy^unknown
Red Hill^2010^Patrick Hughes^unknown
Splice^2010^Vincenzo Natali^unknown
OSS 117: Rio ne répond plus (Lost in Rio)^2010^Michel Hazanavicius^unknown
Nanny McPhee Returns^2010^Susanna White^unknown
Up^2009^Pete Docter^unknown
The Hurt Locker^2009^Kathryn Bigelow^unknown
Star Trek^2009^Gene Roddenberry^unknown
Anvil! The Story of Anvil^2009^Sacha Gervasi^unknown
Afghan Star^2009^Havana Marking^unknown
An Education^2009^Lone Scherfig^unknown
Drag Me to Hell^2009^Sam Raimi^unknown
Fantastic Mr. Fox^2009^Wes Anderson^unknown
Up in the Air^2009^Jason Reitman^unknown
District 9^2009^Neill Blomkamp^unknown
In the Loop^2009^Armando Iannucci^unknown
Avaze gonjeshk-ha (The Song of Sparrows)^2009^Majid Majidi^unknown
Sweetgrass^2009^Ilisa Barbash^unknown
Coraline^2009^Henry Selick^unknown
Revanche^2009^Götz Spielmann^unknown
Precious: Based on the Novel Push by Sapphire^2009^Lee Daniels^unknown
Inglourious Basterds^2009^Quentin Tarantino^unknown
Food^Inc.^2009^Daryl Wein^unknown
Tulpan^2009^Sergei Dvortsevoy^unknown
The Cove^2009^Louie Psihoyos^unknown
Zombieland^2009^Ruben Fleischer^unknown
Crazy Heart^2009^Scott Cooper^unknown
Most Dangerous Man in America: Daniel Ellsberg and the Pentagon Papers^2009^Judith Ehrlich^unknown
Somers Town^2009^Shane Meadows^unknown
Good Hair^2009^Jeff Stilson^unknown
Goodbye Solo^2009^Ramin Bahrani^unknown
The Damned United^2009^Tom Hooper^unknown
A Serious Man^2009^Ethan Coen^unknown
Crude^2009^Joe Berlinger^unknown
Mary and Max^2009^Adam Elliot^unknown
Of Time and the City^2009^Terence Davies^unknown
Tokyo Sonata (Tokyo Sonata)^2009^Kiyoshi Kurosawa^unknown
Ponyo^2009^Hayao Miyazaki^unknown
L'Heure d'été (Summer Hours)^2009^Olivier Assayas^unknown
La Nana (The Maid)^2009^Oldrich Vlach^unknown
Katyn^2009^Andrzej Wajda^unknown
Under the Sea 3D^2009^Howard Hall^unknown
Moon^2009^Duncan Jones^unknown
Yoo-hoo^Mrs. Goldberg^2009^James W. Horne^unknown
Etz Limon (Lemon Tree)^2009^Eran Riklis^unknown
Adventureland^2009^Greg Mottola^unknown
Every Little Step^2009^Adam Del Deo^unknown
The Messenger^2009^Oren Moverman^unknown
Hunger^2009^Steve McQueen^unknown
Il Divo^2009^Paolo Sorrentino^unknown
Maria Larssons eviga ögonblick (Everlasting Moments) (Maria Larsson's Everlasting Moment)^2009^Jan Troell^unknown
Harry Potter and the Half-Blood Prince^2009^David Yates^unknown
Avatar^2009^James Cameron^unknown
World's Greatest Dad^2009^Bobcat Goldthwait^unknown
Red Cliff (Chi Bi)^2009^John Woo^unknown
500 Days of Summer^2009^Marc Webb^unknown
The Girl with the Dragon Tattoo^2009^David Fincher^unknown
Séraphine^2009^Martin Provost^unknown
Sin Nombre^2009^Cary Fukunaga^unknown
Cloudy With a Chance of Meatballs^2009^Phil Lord^unknown
The Princess and the Frog^2009^Ron Clements^unknown
Me and Orson Welles^2009^Richard Linklater^unknown
A Single Man^2009^Tom Ford^unknown
State of Play^2009^Kevin Macdonald^unknown
The White Ribbon (Das weisse Band)^2009^Michael Haneke^unknown
Bad Lieutenant: Port of Call New Orleans^2009^Werner Herzog^unknown
Whip It^2009^Drew Barrymore^unknown
Pranzo di Ferragosto (Mid-August Lunch)^2009^Gianni Di Gregorio^unknown
I Love You^Man^2009^Chang-min Choo^unknown
Tyson^2009^James Toback^unknown
Paranormal Activity^2009^Oren Peli^unknown
Amreeka^2009^Cherien Dabis^unknown
The House of the Devil^2009^Ti West^unknown
Disneynature Earth^2009^Harry Perry III^unknown
Treeless Mountain^2009^So Yong Kim^unknown
Big Fan^2009^Robert D. Siegel^unknown
Bright Star^2009^Jane Campion^unknown
Skin^2009^Guy Nattiv^unknown
Gran Torino^2009^Clint Eastwood^unknown
La Danse -- Le Ballet de l'Opera de Paris^2009^Frederick Wiseman^unknown
Michael Jackson's This Is It^2009^Kenny Ortega^unknown
The Hangover^2009^Todd Phillips^unknown
The September Issue^2009^R.J. Cutler^unknown
The Informant!^2009^Steven Soderbergh^unknown
Soul Power^2009^Jeffrey Kusama-Hinte^unknown
Broken Embraces^2009^Pedro Almodóvar^unknown
Pontypool^2009^Bruce McDonald^unknown
Bakjwi (Thirst)^2009^Chan-wook Park^unknown
A Town Called Panic (Panique au village)^2009^Stéphane Aubier^unknown
Black Dynamite^2009^Scott Sanders^unknown
No Impact Man: The Documentary^2009^Laura Gabbert^unknown
Humpday^2009^Lynn Shelton^unknown
Collapse^2009^Chris Smith^unknown
Bandslam^2009^Todd Graff^unknown
Invictus^2009^Clint Eastwood^unknown
It Might Get Loud^2009^Davis Guggenheim^unknown
Okuribito (Departures)^2009^Yôjirô Takita^unknown
We Live in Public^2009^Ondi Timoner^unknown
Julie &amp; Julia^2009^Michael Curtiz^unknown
The Young Victoria^2009^Jean-Marc Vallée^unknown
Where the Wild Things Are^2009^Spike Jonze^unknown
Triangle^2009^Christopher Smith^unknown
Capitalism: A Love Story^2009^Michael Moore^unknown
The Road^2009^John Hillcoat^unknown
The End of the Line^2009^Rupert Murray^unknown
The Dark Knight^2008^Christopher Nolan^unknown
The Wrestler^2008^Darren Aronofsky^unknown
Man on Wire^2008^James Marsh^unknown
WALL-E^2008^Andrew Stanton^unknown
Let the Right One In^2008^Tomas Alfredson^unknown
Iron Man^2008^Jon Favreau^unknown
Milk^2008^Gus Van Sant^unknown
Slumdog Millionaire^2008^Danny Boyle^unknown
Aruitemo Aruitemo (Still Walking)^2008^Hirokazu Koreeda^unknown
Frost/Nixon^2008^Ron Howard^unknown
Waltz with Bashir^2008^Ari Folman^unknown
The Class^2008^David Crane^unknown
35 Rhums (35 Shots of Rum)^2008^Claire Denis^unknown
Burma VJ: Reporter i et Lukket Land (Burma VJ: Reporting from a Closed Country)^2008^Anders Østergaard^unknown
Bigger^Stronger^Faster*^2008^George Gallo^unknown
Trouble the Water^2008^Carl Deal^unknown
Les Plages d'Agnès (The Beaches of Agnes)^2008^Agnès Varda^unknown
Happy-Go-Lucky^2008^Mike Leigh^unknown
Chop Shop^2008^Ramin Bahrani^unknown
Gomorrah (Gomorra)^2008^Stefano Bises^unknown
The Pool^2008^Boris von Sychowski^unknown
Sugar^2008^Daniel Waters^unknown
Not Quite Hollywood: The Wild^Untold Story of Ozploitation!^2008^Mark Hartley^unknown
Transsiberian^2008^Brad Anderson^unknown
Bolt^2008^Byron Howard^unknown
Dear Zachary: A Letter to a Son About His Father^2008^Kurt Kuenne^unknown
Hellboy II: The Golden Army (Hellboy 2)^2008^Guillermo del Toro^unknown
Caramel^2008^Nadine Labaki^unknown
Ballast^2008^Lance Hammer^unknown
Kung Fu Panda^2008^Mark Osborne^unknown
The Visitor^2008^Tim Burton^unknown
Frozen River^2008^Courtney Hunt^unknown
Ghost Town^2008^David Koepp^unknown
I've Loved You So Long^2008^Philippe Claudel^unknown
Momma's Man^2008^Azazel Jacobs^unknown
Le fils de l'épicier (The Grocer's Son)^2008^Eric Guirado^unknown
Wendy and Lucy^2008^Kelly Reichardt^unknown
Rachel Getting Married^2008^Jonathan Demme^unknown
24 City (Er shi si cheng ji)^2008^Zhangke Jia^unknown
In Bruges^2008^Martin McDonagh^unknown
Tropic Thunder^2008^Ben Stiller^unknown
Meduzot (Jellyfish)^2008^Shira Geffen^unknown
Forgetting Sarah Marshall^2008^Nicholas Stoller^unknown
Un Conte de Noël (A Christmas Tale)^2008^Dennis Alink^unknown
Shine a Light^2008^Martin Scorsese^unknown
Mongol^2008^Sergei Bodrov^unknown
I.O.U.S.A.^2008^Patrick Creadon^unknown
Gonzo: The Life and Work of Hunter S. Thompson^2008^Alex Gibney^unknown
Flammen &amp; Citronen (Flame &amp; Citron) (The Flame and the Lemon)^2008^John H. Auer^unknown
The Black Balloon^2008^Elissa Down^unknown
Two Lovers^2008^James Gray^unknown
Vicky Cristina Barcelona^2008^Woody Allen^unknown
Roman Polanski: Wanted and Desired^2008^Marina Zenovich^unknown
Lorna's Silence^2008^Jean-Pierre Dardenne^unknown
In Search of a Midnight Kiss^2008^Alex Holdridge^unknown
Burn After Reading^2008^Ethan Coen^unknown
JCVD (Van Dammage)^2008^unknown^unknown
Beaufort^2008^Joseph Cedar^unknown
Der Baader Meinhof Komplex (The Baader Meinhof Complex)^2008^Uli Edel^unknown
Indiana Jones and the Kingdom of the Crystal Skull^2008^Steven Spielberg^unknown
Doubt^2008^John Patrick Shanley^unknown
Fifty Dead Men Walking^2008^Kari Skogland^unknown
The Spiderwick Chronicles^2008^Mark Waters^unknown
Disgrace^2008^Steve Jacobs^unknown
Cloverfield^2008^Matt Reeves^unknown
The Bank Job^2008^Roger Donaldson^unknown
Role Models^2008^David Wain^unknown
Chicago 10^2008^Brett Morgen^unknown
Dr. Seuss' Horton Hears a Who!^2008^Jimmy Hayward^unknown
Appaloosa^2008^Ed Harris^unknown
Ashes of Time Redux^2008^Kar-Wai Wong^unknown
I Served the King of England^2008^Jirí Menzel^unknown
Nothing But the Truth^2008^Rod Lurie^unknown
Kirschblüten - Hanami (Cherry Blossoms)^2008^Doris Dörrie^unknown
Standard Operating Procedure^2008^Errol Morris^unknown
Yella^2008^Christian Petzold^unknown
Kit Kittredge: An American Girl^2008^Patricia Rozema^unknown
Flow: For Love of Water^2008^Irena Salina^unknown
Miss Pettigrew Lives for a Day^2008^Bharat Nalluri^unknown
Baghead^2008^Jay Duplass^unknown
Nick and Norah's Infinite Playlist^2008^Peter Sollett^unknown
Che: Part Two (Guerrilla)^2008^Steven Soderbergh^unknown
The Curious Case of Benjamin Button^2008^David Fincher^unknown
Un Secret (A Secret)^2008^Allan Sherman^unknown
Afterschool^2008^Antonio Campos^unknown
Body of War^2008^Phil Donahue^unknown
Üç Maymun (Three Monkeys)^2008^unknown^unknown
Wanted^2008^Timur Bekmambetov^unknown
Water Lilies^2008^Céline Sciamma^unknown
Elegy^2008^Isabel Coixet^unknown
OSS 117: Le Caire Nid d'Espions (OSS 117: Cairo^Nest of Spies)^2008^Michel Hazanavicius^unknown
Tokyo!^2008^Joon-ho Bong^unknown
Definitely^Maybe^2008^Kevin Nelson^unknown
Under the Same Moon^2008^Patricia Riggen^unknown
Synecdoche^New York^2008^David Goodberg^unknown
Quantum of Solace^2008^Marc Forster^unknown
Revolutionary Road^2008^Sam Mendes^unknown
American Teen^2008^Nanette Burstein^unknown
The Incredible Hulk^2008^Louis Leterrier^unknown
Ratatouille^2007^Brad Bird^unknown
Taxi to the Dark Side^2007^Alex Gibney^unknown
No Country for Old Men^2007^Ethan Coen^unknown
Once^2007^John Carney^unknown
The Bourne Ultimatum^2007^Paul Greengrass^unknown
The Band's Visit^2007^Eran Kolirin^unknown
Persepolis^2007^Vincent Paronnaud^unknown
Juno^2007^Jason Reitman^unknown
4 Months^3 Weeks and 2 Days^2007^Cristian Mungiu^unknown
The King of Kong: A Fistful of Quarters^2007^Seth Gordon^unknown
Gone Baby Gone^2007^Ben Affleck^unknown
Ten Canoes^2007^Rolf de Heer^unknown
The Diving Bell and the Butterfly^2007^Julian Schnabel^unknown
The Devil Came on Horseback^2007^Ricki Stern^unknown
Enchanted^2007^Kevin Lima^unknown
Sicko^2007^Michael Moore^unknown
For the Bible Tells Me So^2007^Daniel G. Karslake^unknown
Surfwise^2007^Doug Pray^unknown
Killer of Sheep^2007^Charles Burnett^unknown
Grbavica^2007^Jasmila Zbanic^unknown
The Life of Reilly^2007^Frank L. Anderson^unknown
No End in Sight^2007^Charles Ferguson^unknown
Away From Her^2007^Sarah Polley^unknown
In the Shadow of the Moon^2007^David Sington^unknown
There Will Be Blood^2007^Paul Thomas Anderson^unknown
Hairspray^2007^Adam Shankman^unknown
Zodiac^2007^David Fincher^unknown
The Counterfeiters^2007^Stefan Ruzowitzky^unknown
The Host^2007^Andrew Niccol^unknown
Hot Fuzz^2007^Edgar Wright^unknown
Encounters at the End of the World^2007^Werner Herzog^unknown
Knocked Up^2007^Judd Apatow^unknown
Up the Yangtze^2007^Yung Chang^unknown
Triad Election (Hak se wui yi wo wai kwai)^2007^Johnnie To^unknown
Nanking^2007^Bill Guttentag^unknown
12:08 East of Bucharest (A fost sau n-a fost?)^2007^Corneliu Porumboiu^unknown
My Winnipeg^2007^Guy Maddin^unknown
Michael Clayton^2007^Tony Gilroy^unknown
My Kid Could Paint That^2007^Amir Bar-Lev^unknown
Rescue Dawn^2007^Werner Herzog^unknown
3:10 to Yuma^2007^James Mangold^unknown
This Is England^2007^Shane Meadows^unknown
Eastern Promises^2007^David Cronenberg^unknown
U2 3D^2007^Catherine Owens^unknown
The Simpsons Movie^2007^David Silverman^unknown
Lake of Fire^2007^Tony Kaye^unknown
Waitress^2007^Adrienne Shelly^unknown
The Savages^2007^Tamara Jenkins^unknown
Superbad^2007^Greg Mottola^unknown
The Italian^2007^Olivier Baroux^unknown
Before the Devil Knows You're Dead^2007^Sidney Lumet^unknown
An Unreasonable Man^2007^Henriette Mantel^unknown
Sweeney Todd: The Demon Barber of Fleet Street^2007^Tim Burton^unknown
O' Horten^2007^Bent Hamer^unknown
La Graine et le Mulet (The Secret of the Grain) (Couscous)^2007^Abdellatif Kechiche^unknown
God Grew Tired Of Us^2007^Christopher Dillon Quinn^unknown
The Orphanage^2007^J.A. Bayona^unknown
The Lookout^2007^Scott Frank^unknown
Red Road^2007^Andrea Arnold^unknown
The Wind That Shakes the Barley^2007^Ken Loach^unknown
Alexandra^2007^Aleksandr Sokurov^unknown
Must Read After My Death^2007^Morgan Dews^unknown
Auf der Anderen Seite (The Edge of Heaven) (On the Other Side)^2007^Fatih Akin^unknown
Young@Heart^2007^Stephen Walker^unknown
Joe Strummer: The Future Is Unwritten^2007^Julien Temple^unknown
Paris Je T'aime^2007^Olivier Assayas^unknown
Control^2007^Anton Corbijn^unknown
Bridge to Terabithia^2007^Gabor Csupo^unknown
Shotgun Stories^2007^Jeff Nichols^unknown
Roman de gare^2007^Claude Lelouch^unknown
Atonement^2007^Joe Wright^unknown
Starting Out in the Evening^2007^Andrew Wagner^unknown
The Hoax^2007^Lasse Hallström^unknown
Breach^2007^Billy Ray^unknown
Into Great Silence^2007^Philip Gröning^unknown
2 Days in Paris^2007^Julie Delpy^unknown
Boy A^2007^John Crowley^unknown
Grindhouse^2007^Robert Rodriguez^unknown
ShowBusiness: The Road to Broadway^2007^Dori Berinstein^unknown
The Witnesses^2007^André Téchiné^unknown
Los Cronocrímenes (Timecrimes)^2007^Nacho Vigalondo^unknown
Live Free or Die Hard^2007^Len Wiseman^unknown
Syndromes and a Century^2007^Apichatpong Weerasethakul^unknown
The Real Dirt on Farmer John^2007^Taggart Siegel^unknown
Times and Winds (Bes vakit)^2007^Reha Erdem^unknown
Charlie Wilson's War^2007^Mike Nichols^unknown
Into the Wild^2007^Sean Penn^unknown
Rocket Science^2007^Jeffrey Blitz^unknown
When the Road Bends: Tales of a Gypsy Caravan^2007^Jasmine Dellal^unknown
American Gangster^2007^Ridley Scott^unknown
L' Avocat de la Terreur (Terror's Advocate)^2007^unknown^unknown
Mio Fratello è Figlio Unico (My Brother Is an Only Child)^2007^Daniele Luchetti^unknown
Lars and the Real Girl^2007^Craig Gillespie^unknown
Harry Potter and the Order of the Phoenix^2007^David Yates^unknown
War Dance^2007^Sean Fine^unknown
Talk to Me^2007^Kasi Lemmons^unknown
Manufactured Landscapes^2007^Jennifer Baichwal^unknown
A Mighty Heart^2007^Michael Winterbottom^unknown
XXY^2007^Lucía Puenzo^unknown
1408^2007^Mikael Håfström^unknown
The Queen^2006^Richard Briers^unknown
Pan's Labyrinth^2006^Guillermo del Toro^unknown
Casino Royale^2006^Martin Campbell^unknown
Deliver Us from Evil^2006^Scott Derrickson^unknown
Children of Men^2006^Alfonso Cuarón^unknown
The Departed^2006^Martin Scorsese^unknown
The War Tapes^2006^Deborah Scranton^unknown
Blindsight^2006^Lucy Walker^unknown
Mountain Patrol (Kekexili)^2006^Chuan Lu^unknown
Wordplay^2006^Patrick Creadon^unknown
Borat: Cultural Learnings of America for Make Benefit Glorious Nation of Kazakhstan^2006^Larry Charles^unknown
An Inconvenient Truth^2006^Davis Guggenheim^unknown
Little Miss Sunshine^2006^Jonathan Dayton^unknown
The Lives of Others^2006^Florian Henckel von Donnersmarck^unknown
Letters from Iwo Jima^2006^Clint Eastwood^unknown
Volver^2006^Pedro Almodóvar^unknown
Ne le Dis à Personne (Tell No One)^2006^unknown^unknown
Offside^2006^Jafar Panahi^unknown
Deep Water^2006^James Marsh^unknown
United 93^2006^Paul Greengrass^unknown
49 Up^2006^Michael Apted^unknown
Dave Chappelle's Block Party^2006^Michel Gondry^unknown
American Experience^2006^Henry Hampton^unknown
Half Nelson^2006^Ryan Fleck^unknown
The Death of Mr. Lazarescu^2006^Cristi Puiu^unknown
Lassie^2006^Lassie^unknown
Brand Upon the Brain!^2006^Guy Maddin^unknown
Blame It on Fidel (La Faute a Fidel)^2006^Julie Gavras^unknown
Venus^2006^Roger Michell^unknown
Fateless^2006^Lajos Koltai^unknown
Still Life (Sanxia Haoren)^2006^Zhangke Jia^unknown
The Last King of Scotland^2006^Kevin Macdonald^unknown
Neil Young: Heart of Gold^2006^Jonathan Demme^unknown
Inside Man^2006^Spike Lee^unknown
Iraq in Fragments^2006^James Longley^unknown
Notes on a Scandal^2006^Richard Eyre^unknown
The Devil and Daniel Johnston^2006^Jeff Feuerzeig^unknown
Who Killed the Electric Car?^2006^Chris Paine^unknown
Starter for 10^2006^Tom Vaughan^unknown
Duck Season (Temporada de patos)^2006^Fernando Eimbcke^unknown
Thank You for Smoking^2006^Jason Reitman^unknown
Dixie Chicks - Shut Up and Sing^2006^Michael Phillips^unknown
Efter brylluppet (After the Wedding)^2006^Susanne Bier^unknown
Stephanie Daley^2006^Hilary Brougher^unknown
The Namesake^2006^Mira Nair^unknown
The Descent^2006^Neil Marshall^unknown
Slither^2006^James Gunn^unknown
Reprise^2006^Joachim Trier^unknown
Sir! No Sir!^2006^David Zeiger^unknown
Jesus Camp^2006^Heidi Ewing^unknown
El Aura (The Aura)^2006^Andy Harbeck^unknown
Sophie Scholl: The Final Days^2006^Marc Rothemund^unknown
The Three Burials of Melquiades Estrada^2006^Tommy Lee Jones^unknown
L'Enfant^2006^Jean-Pierre Dardenne^unknown
Maxed Out^2006^James D. Scurlock^unknown
Man Push Cart^2006^Ramin Bahrani^unknown
Quinceañera^2006^Richard Glatzer^unknown
The Road To Guantanamo^2006^Mat Whitecross^unknown
Akeelah and the Bee^2006^Doug Atchison^unknown
The Beauty Academy of Kabul^2006^Liz Mermin^unknown
Mutual Appreciation^2006^Andrew Bujalski^unknown
The Ground Truth^2006^Patricia Foulkrod^unknown
This Film Is Not Yet Rated^2006^Kirby Dick^unknown
A Prairie Home Companion^2006^Robert Altman^unknown
Sweet Land^2006^Ali Selim^unknown
Kráska v Nesnázích (Beauty in Trouble)^2006^Jan Hrebejk^unknown
Air Guitar Nation^2006^Alexandra Lipsitz^unknown
Old Joy^2006^Kelly Reichardt^unknown
Bamako^2006^Abderrahmane Sissako^unknown
Tsotsi (Thug)^2006^Gavin Hood^unknown
Paprika^2006^Satoshi Kon^unknown
Little Children^2006^Todd Field^unknown
Independent Lens^2006^America Ferrera^unknown
Superman Returns^2006^Bryan Singer^unknown
Dreamgirls^2006^Bill Condon^unknown
Brick^2006^Rian Johnson^unknown
The Year My Parents Went on Vacation (O Ano em Que Meus Pais Saíram de Férias)^2006^Cao Hamburger^unknown
Come Early Morning^2006^Joey Lauren Adams^unknown
District B13 (Banlieue 13)^2006^Pierre Morel^unknown
Once in a Lifetime: The Extraordinary Story of the New York Cosmos^2006^Paul Crowder^unknown
Sketches of Frank Gehry^2006^Sydney Pollack^unknown
Priceless^2006^Ben Smallbone^unknown
Charlotte's Web^2006^Gary Winick^unknown
Why We Fight^2006^Zachary Wohlman^unknown
Riding Alone for Thousands of Miles^2006^Yimou Zhang^unknown
Taxidermia^2006^György Pálfi^unknown
Rocky Balboa^2006^Sylvester Stallone^unknown
The Devil Wears Prada^2006^David Frankel^unknown
Transamerica^2006^Duncan Tucker^unknown
The Prestige^2006^Christopher Nolan^unknown
V for Vendetta^2006^James McTeigue^unknown
House of Sand^2006^Andrucha Waddington^unknown
Catch a Fire^2006^Phillip Noyce^unknown
Fong juk (Exiled)^2006^Johnnie To^unknown
Cars^2006^John Lasseter^unknown
Over the Hedge^2006^Tim Johnson^unknown
Happy Feet^2006^George Miller^unknown
The Illusionist^2006^Neil Burger^unknown
Le Petit Lieutenant^2006^Xavier Beauvois^unknown
Ghosts of Cité Soleil^2006^Asger Leth^unknown
